{"train_runtime":5810.3278,"train/reward":17.169642829895018,"train/reward_std":13.600247669219971,"train/grad_norm":0.0572897233068943,"train_samples_per_second":0.005,"train/epoch":3,"_step":3,"train/global_step":30,"_runtime":5812.664406558,"train/loss":0,"train/rewards/plan_reward":8.669642877578735,"total_flos":0,"train_steps_per_second":0.005,"_wandb":{"runtime":5812},"train/rewards/format_reward":8.5,"train/completion_length":841.025,"train_loss":0.00010461751953698695,"train/learning_rate":5.862042845640403e-09,"_timestamp":1.7494871131521983e+09,"train/kl":0.0005445480564958416}